accuracy,roc_auc,test_samples,train_samples
0.7591240875912408,0.8527835189012601,548,2192
